{"count":{"min":1599.0,"max":1599.0},"mean":{"min":0.0874665416,"max":46.4677923702},"std":{"min":0.001887334,"max":32.8953244783},"min":{"min":0.0,"max":8.4},"25%":{"min":0.07,"max":22.0},"50%":{"min":0.079,"max":38.0},"75%":{"min":0.09,"max":62.0},"max":{"min":0.611,"max":289.0}}